48.83517609,2.24291604,37.885822,1.94,215.0,20.884765625,0
48.83501572,2.24277787,29.537046,2.31,298.5,37.52606201171875,1000
48.83525371,2.24269195,34.875355,0.99,191.8,55.9183349609375,1000
48.83524985,2.24272555,30.361828,0.0,0.0,57.069091796875,1009
48.8351834,2.24280678,17.997292,0.0,0.0,69.47393798828125,593
48.83513289,2.24283618,27.873764,0.0,0.0,86.50714111328125,1000
48.83512044,2.24284575,18.778143,0.0,0.0,87.50958251953125,1000
48.83510957,2.24284338,23.607191,0.0,0.0,101.005126953125,1000
48.8351348,2.24283593,23.772236,0.0,0.0,92.07989501953125,1000
48.83513369,2.24286011,23.487495,0.0,0.0,89.1820068359375,1000
48.83510927,2.24287887,21.052698,0.0,0.0,99.2020263671875,1000
48.8351038,2.24288396,17.332125,0.0,0.0,100.7572021484375,1000
48.83507286,2.242925,17.20369,0.0,0.0,96.470458984375,1000
48.83506111,2.24291261,16.575382,0.0,0.0,98.85797119140625,1000
48.8350396,2.24292858,15.943777,0.0,0.0,99.76617431640625,1000
48.83504189,2.24292605,14.549708,0.0,0.0,98.1568603515625,1000
48.83504413,2.24295199,14.563623,0.0,0.0,97.71197509765625,1000
48.83504346,2.24295591,13.664663,0.0,0.0,97.3857421875,1000
48.8350443,2.242961,13.331304,0.0,0.0,95.8363037109375,1000
48.83504385,2.24295825,13.7701235,0.0,0.0,95.50726318359375,1000
48.8350427,2.24296044,12.882755,0.0,0.0,95.0904541015625,1000
48.83504279,2.24296381,12.2571945,0.0,0.0,94.60699462890625,1000
48.83504521,2.24297133,11.391673,0.0,0.0,93.82952880859375,1000
48.83505057,2.24298009,11.464011,0.0,0.0,91.844482421875,1000
48.83505075,2.24303168,11.747229,0.0,0.0,86.4554443359375,1000
48.83504745,2.24300008,11.547866,0.0,0.0,89.4957275390625,1000
48.83507208,2.24303961,10.74711,0.0,0.0,85.055908203125,1000
48.83507463,2.24304368,10.837188,0.0,0.0,84.61212158203125,1000
48.83507484,2.24304432,10.376929,0.0,0.0,84.18170166015625,1000
48.83507021,2.24303385,8.988485,0.0,0.0,84.66778564453125,1000
48.8350736,2.24303788,8.594008,0.0,0.0,84.857421875,1000
48.83507429,2.24303647,8.603334,0.0,0.0,86.398193359375,1000
48.83507784,2.2430412,8.615536,0.0,0.0,86.91021728515625,1000
48.83508156,2.24304248,8.054303,0.0,0.0,86.404052734375,1000
48.83508194,2.2430421,7.6713605,0.0,0.0,87.3179931640625,1000
48.83508165,2.24304155,7.7928786,0.0,0.0,87.24346923828125,1000
48.83508145,2.24304117,7.968933,0.0,0.0,87.203369140625,1000
48.83507812,2.24303432,8.043586,0.0,0.0,89.07537841796875,1000
48.83507554,2.24303044,7.336374,0.0,0.0,89.95941162109375,1000
48.83506804,2.24303765,6.808608,0.0,0.0,88.81695556640625,1000
48.83506719,2.24303613,6.8009152,0.0,0.0,89.02099609375,1000
48.83506707,2.24303624,6.691666,0.0,0.0,88.91845703125,1000
48.83506699,2.24303624,6.236783,0.0,0.0,88.8319091796875,1000
48.835067,2.2430364,6.1225214,0.0,0.0,88.793701171875,1000
48.83506693,2.24303652,6.788723,0.0,0.0,88.78326416015625,1000
48.8350669,2.24303759,6.7386184,0.0,0.0,88.80389404296875,1000
48.83506475,2.24303699,6.748717,0.0,0.0,89.31573486328125,1000
48.83506128,2.24303703,6.3670516,0.0,0.0,90.02044677734375,1000
48.83506081,2.24303677,6.147497,0.0,0.0,90.13385009765625,1000
48.83506058,2.24303669,5.6752024,0.0,0.0,90.1824951171875,1000
48.83505034,2.24302676,5.4458485,0.31,244.7,91.09991455078125,1000
48.83504742,2.24304331,5.653241,2.01,33.4,92.03363037109375,1000
48.83505115,2.24303656,5.3447456,0.32,212.1,87.752197265625,1000
48.83504077,2.2430375,4.977484,0.0,0.0,86.9725341796875,1000
48.83504309,2.24302955,4.7448792,0.0,0.0,86.9024658203125,1000
48.83502694,2.24303111,4.570213,0.0,0.0,85.7637939453125,1000
48.83502425,2.24303348,4.6016216,0.0,0.0,86.546142578125,1000
48.83502372,2.24302828,4.361876,0.0,0.0,87.16387939453125,1000
48.83502078,2.24303414,4.2916293,0.0,0.0,86.47308349609375,1000
48.83502159,2.2430354,4.255126,0.0,0.0,86.32525634765625,1000
48.83501908,2.24302701,4.191858,0.0,0.0,85.70294189453125,1000
48.83502633,2.24302308,4.2102942,0.0,0.0,85.8887939453125,1000
48.83502339,2.24302492,4.061982,0.0,0.0,85.17059326171875,1000
48.8350208,2.24301704,4.0863714,0.0,0.0,85.8267822265625,1000
48.83501984,2.24301361,3.9937112,0.0,0.0,86.04541015625,1000
48.83501898,2.24301183,3.8726196,0.0,0.0,86.21453857421875,1000
48.83501864,2.24301183,10.225733,0.0,0.0,86.14306640625,1000
48.83501825,2.24301182,10.159284,0.0,0.0,86.12017822265625,1000
48.83502169,2.24301565,10.104387,0.28,47.8,86.0255126953125,1000
48.835024,2.24302497,9.944285,0.97,67.6,87.08575439453125,1000
48.83502773,2.24305264,10.187135,1.38,85.9,86.44512939453125,1000
48.83503545,2.2430986,10.218134,2.53,8.8,85.2803955078125,1000
48.83505314,2.24312377,10.30378,3.29,8.9,84.94158935546875,1000
48.83507016,2.24315076,10.7454605,3.23,12.1,84.8092041015625,1000
48.83508228,2.24318097,11.032257,2.93,4.0,84.7445068359375,1000
48.83509425,2.24321905,11.587257,3.28,8.8,85.0687255859375,1000
48.83510419,2.2432585,12.33505,3.21,9.3,85.15289306640625,1000
48.83518987,2.24368361,12.28188,5.0,71.0,85.5816650390625,6000
48.83520128,2.24377152,11.587654,4.7,85.5,85.72247314453125,1000
48.83520502,2.24380848,11.073827,2.83,100.5,85.88372802734375,1000
48.83522372,2.24383794,10.892012,2.42,102.3,86.87298583984375,1000
48.83523991,2.24385786,10.681347,1.85,87.5,87.3839111328125,1000
48.83525162,2.243884,10.530355,1.96,92.8,87.5107421875,1000
48.83526403,2.24389123,10.746398,1.59,83.0,87.3116455078125,1000
48.83527392,2.24389373,11.028471,1.14,81.9,88.20489501953125,1000
48.83528296,2.24389315,11.370459,0.9,83.4,88.260498046875,1000
48.83528971,2.24388882,11.695899,0.6,84.2,87.32366943359375,1000
48.83529508,2.24386468,11.525151,0.0,0.0,88.68902587890625,1000
48.83530526,2.24382219,11.5631695,0.0,0.0,88.095703125,1000
48.83530979,2.24380645,11.871585,0.0,0.0,87.7298583984375,1000
48.83531083,2.24378808,11.821834,0.0,0.0,87.60577392578125,1000
48.83531199,2.24377997,11.628421,0.0,0.0,87.61102294921875,1000
48.83531355,2.24377629,11.774788,0.0,0.0,87.58978271484375,1000
48.83531327,2.24377505,12.110745,0.0,0.0,87.53363037109375,1000
48.83531384,2.24377286,12.262534,0.0,0.0,87.43817138671875,1000
48.83531682,2.24377234,12.746226,0.0,0.0,87.04119873046875,1000
48.83531785,2.24377271,13.077828,0.0,0.0,87.078857421875,1000
48.83531723,2.24377473,12.584755,0.0,0.0,87.34283447265625,1000
48.83531619,2.24378437,12.202599,0.0,0.0,86.53424072265625,1000
48.83531806,2.24380276,12.045909,0.0,0.0,85.6571044921875,1000
48.83531791,2.24382567,12.104548,0.0,0.0,83.492919921875,1000
48.83531723,2.24385425,11.905266,0.0,0.0,81.47918701171875,1000
48.83530963,2.24390965,11.655832,1.67,111.9,81.8084716796875,1000
48.83528818,2.24395329,11.449946,1.46,154.0,79.7784423828125,1000
48.83524547,2.24399771,11.307791,3.53,158.2,77.73779296875,1000
48.83519611,2.24403751,10.969287,4.15,155.6,76.53155517578125,1000
48.83515449,2.24408702,5.4461293,4.65,153.9,74.7686767578125,1000
48.83512099,2.24413206,5.3209667,3.48,150.6,75.91241455078125,1000
48.83509418,2.24417762,5.150729,3.13,145.5,77.8746337890625,1000
48.83507522,2.24420254,5.143744,2.14,172.5,79.482666015625,1000
48.8350518,2.24420815,5.014609,2.65,198.5,81.3013916015625,1000
48.83496991,2.2441916,4.3700786,6.7,200.8,81.1531982421875,1000
48.83489192,2.24418013,4.176044,7.89,207.7,80.96044921875,1000
48.83481557,2.24413807,3.954374,8.8,209.3,81.5509033203125,1000
48.83473509,2.24409675,3.7900925,9.33,206.8,81.543212890625,1000
48.83465705,2.24405296,3.7900925,9.45,206.5,82.5040283203125,1000
48.83458013,2.24400322,3.7900925,9.4,207.7,83.035888671875,1000
48.83450693,2.24395409,3.7900925,9.23,205.9,82.85174560546875,1000
48.83443491,2.24391377,3.7900925,8.43,206.3,82.64337158203125,1000
48.83436881,2.24388371,3.7900925,7.59,208.0,83.42864990234375,1000
48.83431039,2.24386626,3.7900925,6.56,202.2,84.1614990234375,1000
48.83425442,2.24382977,3.7900925,6.95,202.8,85.8052978515625,1000
48.83419002,2.24378696,3.7900925,7.89,215.2,86.265869140625,1000
48.8341392,2.24374804,3.7900925,7.4,217.0,85.95684814453125,1000
48.8340972,2.24372003,3.7900925,5.71,207.5,85.90167236328125,1000
48.83405803,2.24369154,3.7900925,4.81,202.9,86.2608642578125,1000
48.83403852,2.24366739,3.7900925,3.52,209.2,87.77191162109375,1000
48.83401587,2.24366075,3.7900925,1.97,207.3,87.17535400390625,1000
48.83400314,2.24366185,3.7900925,1.16,207.3,86.31396484375,1000
48.83399834,2.24366626,3.7900925,0.0,0.0,85.61578369140625,1000
48.83399754,2.24367536,3.7900925,0.0,0.0,84.87255859375,1000
48.83399862,2.24368914,3.7900925,0.0,0.0,84.74713134765625,1000
48.83399614,2.24369676,3.7900925,0.0,0.0,84.25439453125,1000
48.83399979,2.24369525,3.7900925,0.0,0.0,84.13330078125,1000
48.83398964,2.24368519,3.7900925,1.32,215.0,83.57305908203125,1000
48.83395652,2.24366914,3.7900925,4.77,203.3,83.3232421875,1000
48.83391792,2.2436483,3.7900925,4.28,198.2,83.12890625,1000
48.83387911,2.24363192,3.7900925,4.36,198.1,83.53070068359375,1000
48.83383081,2.24362244,3.7900925,5.06,202.5,83.93731689453125,1000
48.83378593,2.24360217,3.7900925,5.62,200.3,84.77978515625,1000
48.83374417,2.24357148,3.7900925,4.98,211.4,85.15301513671875,1000
48.83371119,2.24351252,3.925334,5.46,225.2,85.2874755859375,1000
48.83367399,2.24344554,4.065463,6.52,232.4,85.91650390625,1000
48.83363516,2.24335835,4.170039,8.14,236.1,86.24365234375,1000
48.83359566,2.24324458,3.9870965,9.68,236.9,85.33087158203125,1000
48.83353681,2.24311705,4.0416374,11.44,237.2,85.75634765625,1000
48.83348834,2.24298913,3.970277,10.74,241.3,86.22479248046875,1000
48.83344973,2.2428696,3.8437042,9.44,244.2,85.1282958984375,1000
48.83342225,2.24275982,3.8147037,8.12,248.4,84.283447265625,1000
48.83339042,2.24265159,3.8230164,8.66,244.8,83.6031494140625,1000
48.83335517,2.24254742,3.8159807,9.07,242.9,83.683837890625,1000
48.83331942,2.24243721,3.820202,9.64,243.5,83.6243896484375,1000
48.83328415,2.24230319,3.7995253,10.26,242.7,82.553466796875,1000
48.83323696,2.24218646,3.8833802,10.33,241.0,82.947021484375,1000
48.83319187,2.24208559,3.8123071,9.3,241.9,82.66717529296875,1000
48.83314372,2.24197855,3.813191,10.04,236.5,83.00469970703125,1000
48.83308765,2.2418602,3.8510554,11.1,234.2,82.9263916015625,1000
48.83304934,2.24173598,3.8117604,10.78,243.5,82.459228515625,1000
48.83302042,2.24161116,3.8194847,9.65,245.1,82.32110595703125,1000
48.83299266,2.24149411,3.8131654,8.87,244.1,83.15618896484375,1000
48.83296183,2.24138512,3.822326,8.78,244.7,83.921875,1000
48.83292499,2.24127934,3.8165948,8.52,244.0,83.5133056640625,1000
48.83289081,2.24118444,3.8455927,7.49,248.5,84.5496826171875,1000
48.8328761,2.24110268,3.7974503,6.08,244.2,81.9344482421875,1000
48.83285559,2.24102126,3.819674,6.09,247.8,82.1453857421875,1000
48.83283869,2.24094238,3.7997715,5.49,244.8,81.28759765625,1000
48.83282258,2.24089074,3.8201785,4.02,245.1,81.76922607421875,1000
48.83281012,2.24085265,3.797344,2.49,240.7,81.924072265625,1000
48.83280097,2.24083437,3.8099751,1.15,248.1,82.45269775390625,1000
48.8327915,2.24080718,3.8227627,2.3,251.9,82.626953125,1000
48.83278165,2.24077889,3.8241134,2.45,243.8,82.94744873046875,1000
48.8327744,2.24074749,3.8149083,2.22,249.8,83.1593017578125,1000
48.83276939,2.24073519,3.819429,0.92,245.6,82.9754638671875,1000
48.83276727,2.24073224,3.7994828,0.0,0.0,83.081298828125,1000
48.83276658,2.24072924,3.799385,0.0,0.0,82.96429443359375,1000
48.83276464,2.24072914,3.7967384,0.0,0.0,82.901123046875,1000
48.83276324,2.24073059,3.7984266,0.0,0.0,82.767822265625,1000
48.83276083,2.24073015,3.7983162,0.0,0.0,82.680908203125,1000
48.8327591,2.24073105,3.7982996,0.0,0.0,82.74346923828125,1000
48.83275896,2.24073134,3.7964067,0.16,244.4,82.76617431640625,1000
48.83275618,2.24073028,3.7964141,0.0,0.0,83.0604248046875,1000
48.83275311,2.24073028,3.798087,0.0,0.0,83.42364501953125,1000
48.83275283,2.24073046,3.7963507,0.0,0.0,83.310302734375,1000
48.83275187,2.24072767,3.7964141,0.7,246.1,83.40765380859375,1000
48.83274459,2.24069669,3.8101625,3.94,248.9,83.2266845703125,1000
48.83271852,2.24062888,4.061426,5.9,248.9,83.14019775390625,1000
48.83268368,2.24052718,3.7995577,9.1,244.6,83.16064453125,1000
48.83263977,2.24040206,3.8108993,11.05,241.3,83.1497802734375,1000
48.83259213,2.2402652,3.7974398,11.76,241.7,82.972412109375,1000
48.83254889,2.24012883,3.822622,10.65,245.0,82.73028564453125,1000
48.83250609,2.24000951,3.8261235,9.65,243.7,82.4500732421875,1000
48.83246713,2.23990141,3.8185964,8.59,244.7,82.3358154296875,1000
48.83243392,2.23980507,3.809222,8.01,245.8,82.7066650390625,1000
48.83240702,2.23970204,3.8703012,7.51,246.0,84.58966064453125,1000
48.83237886,2.23961949,3.8275907,6.54,250.9,84.96533203125,1000
48.83235462,2.23954499,3.8237295,5.33,252.2,85.255859375,1000
48.83233702,2.23946709,3.8108084,6.63,250.4,85.36322021484375,1000
48.83230615,2.23935777,3.9216912,9.97,248.0,85.43634033203125,1000
48.83226129,2.23924503,3.8073006,9.98,248.1,85.813232421875,1000
48.83221486,2.23911615,3.7983623,10.38,243.8,84.42041015625,1000
48.83217709,2.23898119,8.237399,10.85,242.0,83.45965576171875,1000
48.83213391,2.23884148,8.818638,10.75,242.8,82.9862060546875,1000
48.8320969,2.23871274,9.495946,9.7,242.1,82.92364501953125,1000
48.83206716,2.23859603,9.5644655,7.91,242.0,82.86700439453125,1000
48.8320403,2.23849337,9.9214735,8.08,242.0,83.32635498046875,1000
48.83200544,2.23836478,9.448622,11.36,243.8,83.67803955078125,1000
48.83196436,2.23821923,9.244945,12.56,244.6,83.63836669921875,1000
48.83191445,2.23805103,8.612376,14.23,244.3,83.511962890625,1000
48.8318561,2.23786239,8.188767,15.59,243.0,83.465576171875,1000
48.83179488,2.23766322,8.373355,15.92,244.4,83.8729248046875,1000
48.83173633,2.23746259,8.882248,16.08,244.2,84.01336669921875,1000
48.83167601,2.23726638,8.899345,15.87,245.1,83.6820068359375,1000
48.8316186,2.23707139,8.892447,15.44,245.7,84.21759033203125,1000
48.83155982,2.23687556,8.2792225,15.25,245.5,83.3096923828125,1000
48.83150525,2.23669375,8.467608,14.94,244.7,83.72833251953125,1000
48.83145067,2.2365,8.957632,14.94,245.4,83.952392578125,1000
48.83139564,2.23631456,8.859797,14.33,246.0,83.82269287109375,1000
48.83134714,2.23614155,9.016221,13.19,246.3,83.8236083984375,1000
48.83129671,2.23598312,8.335534,12.68,247.7,84.0052490234375,1000
48.83125129,2.23583159,8.042962,12.39,248.7,83.57373046875,1000
48.83120615,2.23568267,3.795945,11.92,249.3,83.6888427734375,1000
48.83116931,2.23553721,3.8198636,10.97,248.7,83.713623046875,1000
48.83113195,2.23541268,7.6564445,9.79,247.9,84.3193359375,1000
48.83109607,2.23529929,3.8101897,8.89,246.1,84.6551513671875,1000
48.83105849,2.23520024,3.8626802,7.79,244.0,85.23492431640625,1000
48.83102976,2.23511184,8.060255,6.68,241.7,85.50762939453125,1000
48.83100367,2.23504185,8.0348835,5.07,240.8,85.96575927734375,1000
48.83099174,2.23498305,9.145816,3.54,240.5,86.2138671875,1000
48.83098461,2.23495291,9.378649,1.53,236.0,86.274658203125,1000
48.83097827,2.23494039,9.09053,0.71,242.5,86.763671875,1000
48.83097428,2.23493853,8.718455,0.23,241.8,87.4287109375,1000
48.83097003,2.234938,4.200291,0.0,0.0,87.6109619140625,1000
48.83096964,2.23493594,4.280008,0.0,0.0,87.7227783203125,1000
48.83096808,2.2349354,4.5210233,0.0,0.0,87.7462158203125,1000
48.83096485,2.23492622,4.4011645,1.47,239.7,87.94073486328125,1000
48.83095671,2.234898,4.099244,2.91,235.1,88.265869140625,1000
48.83094126,2.23484414,4.0631156,4.96,238.8,87.9609375,1000
48.83091725,2.23477707,3.9365628,5.96,241.9,88.07952880859375,1000
48.83088838,2.23469617,3.813008,6.93,248.3,88.10247802734375,1000
48.83085146,2.23459403,3.8127527,9.95,236.9,87.5430908203125,1000
48.83079782,2.23445423,3.8565598,13.13,238.5,87.47235107421875,1000
48.83072738,2.23428695,3.8051631,16.54,240.2,87.13580322265625,1000
48.83065686,2.23408155,3.8010106,17.69,242.9,86.64215087890625,1000
48.83058921,2.23385905,3.8244488,18.16,244.9,85.093017578125,1000
48.83051973,2.23364997,3.812518,16.6,245.3,85.2034912109375,1000
48.83045873,2.23345345,3.8091645,15.25,246.0,85.0411376953125,1000
48.83040772,2.23326961,3.8206737,13.94,246.1,84.90057373046875,1000
48.83035833,2.23311066,3.8248038,12.62,243.8,84.8775634765625,1000
48.83031127,2.23296182,3.8215837,11.42,244.6,84.520751953125,1000
48.8302677,2.23283068,3.833666,10.24,242.8,84.2080078125,1000
48.83022785,2.23271639,3.8055658,8.92,243.2,84.255126953125,1000
48.83019352,2.23261825,3.8019462,7.63,242.8,84.38458251953125,1000
48.83016145,2.23252285,3.8023956,6.93,243.9,84.72174072265625,1000
48.83014212,2.23244014,3.827671,5.77,243.6,85.8966064453125,1000
48.83012766,2.23237759,3.8185134,3.97,247.8,87.237548828125,1000
48.8301218,2.23233198,7.8211293,2.52,247.9,88.2027587890625,1000
48.83011641,2.23229638,4.04439,2.66,247.8,88.9571533203125,1000
48.83010303,2.23223756,4.2437263,5.48,239.0,89.67034912109375,1000
48.83006699,2.2321473,4.8297167,7.78,237.8,91.69342041015625,1000
48.8300201,2.23202009,4.9422574,11.88,243.4,91.93096923828125,1000
48.82996792,2.23185459,4.7658367,13.85,243.7,93.33831787109375,1000
48.82991183,2.23167566,9.037445,14.96,245.4,93.55914306640625,1000
48.82985959,2.2314889,8.798009,14.76,247.5,93.0758056640625,1000
48.82981928,2.23130712,8.845431,14.05,252.8,93.15643310546875,1000
48.82979441,2.23111359,9.065952,14.02,260.0,92.6109619140625,1000
48.82979273,2.23092272,9.310324,13.91,271.4,93.3304443359375,1000
48.82980189,2.23073028,8.93164,14.31,276.8,93.36962890625,1000
48.82980104,2.23055082,4.108914,13.7,270.6,92.64508056640625,1000
48.82978419,2.23036582,4.095538,13.8,263.7,92.69512939453125,1000
48.82974755,2.23018402,4.154416,14.31,250.3,92.33770751953125,1000
48.82969575,2.23000707,4.077453,14.41,245.7,93.11651611328125,1000
48.82964195,2.22984442,3.9935925,13.2,244.2,93.39483642578125,1000
48.82959211,2.22969404,3.9678533,11.41,244.9,93.103515625,1000
48.82954748,2.2295681,3.9304826,9.83,242.0,93.2144775390625,1000
48.82950996,2.22945659,3.9823055,8.43,240.6,92.79266357421875,1000
48.82947411,2.2293617,4.0311604,7.24,238.6,91.6448974609375,1000
48.82943972,2.22928551,4.054194,6.17,237.0,91.4776611328125,1000
48.829408,2.22922263,4.080811,5.28,235.7,91.23162841796875,1000
48.82938193,2.22917696,4.3252244,3.97,228.8,91.521728515625,1000
48.82935831,2.22913365,4.643906,2.85,225.6,91.178466796875,1000
48.82934502,2.22911705,4.916785,0.93,229.2,91.29742431640625,1000
48.82934012,2.22911147,5.616035,0.42,223.4,90.5677490234375,1000
48.82933581,2.22910674,5.758193,0.87,221.3,90.5096435546875,1000
48.82932951,2.22910042,5.8937416,0.41,227.6,89.59674072265625,1000
48.82932116,2.22909591,5.875651,1.98,229.1,89.94140625,1000
48.82928818,2.22905934,5.5877275,6.42,223.2,89.9007568359375,1000
48.82923,2.22898547,5.338786,10.34,220.0,90.2869873046875,1000
48.82916511,2.2288864,5.1074047,11.04,224.9,89.70550537109375,1000
48.82909098,2.22875496,4.9945626,13.36,228.5,89.8438720703125,1000
48.82902372,2.22860214,4.8067527,13.71,236.9,89.181640625,1000
48.82895922,2.22842849,4.6791635,15.46,242.2,89.5159912109375,1000
48.82888985,2.22823092,4.4369073,16.75,242.0,89.00048828125,1000
48.8288152,2.22803641,4.351657,16.23,238.3,88.97265625,1000
48.82875072,2.22784629,4.14323,15.06,243.3,88.888671875,1000
48.82869194,2.22766762,4.0036736,13.99,243.1,88.88763427734375,1000
48.82863869,2.22750368,3.8376186,14.46,244.0,89.02691650390625,1000
48.8286106,2.22742313,4.3416247,15.03,245.1,79.56494140625,317
48.82856266,2.22726548,4.2778587,15.89,244.6,78.56011962890625,683
48.8284986,2.22705768,3.7900925,17.49,244.8,78.854248046875,1000
48.8284255,2.22683934,3.7900925,18.73,244.2,79.87628173828125,1000
48.82834689,2.22657691,3.7900925,20.98,244.6,79.28363037109375,1000
48.82825871,2.22628666,3.7900925,22.99,245.0,79.1123046875,1000
48.82816021,2.22598298,3.7900925,24.38,243.9,79.088134765625,1000
48.82807004,2.22568875,3.7900925,23.74,245.6,79.709228515625,1000
48.82798806,2.22541316,3.7900925,22.21,244.9,79.5914306640625,1000
48.82790684,2.22515515,3.7900925,20.84,241.7,78.9539794921875,1000
48.82781423,2.22494019,3.7900925,18.91,234.5,78.58001708984375,1000
48.82770768,2.224766,3.7900925,17.4,226.1,77.866943359375,1000
48.82757875,2.22462411,3.7900925,17.68,214.8,76.91400146484375,1000
48.82741668,2.22450431,3.7900925,20.12,203.8,75.85040283203125,1000
48.82722568,2.22438392,3.7900925,22.59,201.0,76.04083251953125,1000
48.82702833,2.2242437,3.7900925,24.15,206.2,76.99749755859375,1000
48.82683396,2.22408163,3.7900925,24.8,208.7,78.25115966796875,1000
48.82664525,2.22390235,3.7900925,24.78,212.5,80.0396728515625,1000
48.8264695,2.22369412,3.7900925,24.5,220.2,80.92138671875,1000
48.82635298,2.2234374,3.7900925,23.11,232.3,83.38031005859375,1000
48.82625125,2.22319512,3.7900925,21.16,238.8,85.01666259765625,1000
48.82616376,2.22294627,3.7900925,21.38,241.4,86.12225341796875,1000
48.8260698,2.22265547,3.7900925,24.45,243.8,87.9736328125,1000
48.82596597,2.22234265,3.7900925,26.0,242.2,89.08349609375,1000
48.82585597,2.22202216,3.7900925,26.53,241.4,90.91851806640625,1000
48.82574488,2.22174272,3.7900925,24.24,238.3,91.83673095703125,1000
48.82561492,2.22150289,3.7900925,22.13,231.3,93.1075439453125,1000
48.82546694,2.22130373,3.7900925,21.71,221.7,94.64306640625,1000
48.82530015,2.22114807,3.7900925,21.72,210.9,96.21453857421875,1000
48.82511383,2.22104641,3.7900925,21.5,200.1,98.51348876953125,1000
48.82492947,2.22097509,3.7900925,21.17,191.0,100.2608642578125,1000
48.82473794,2.220953,3.7900925,21.33,181.8,100.71240234375,1000
48.82454937,2.22102595,3.7900925,21.76,170.3,100.9190673828125,1000
48.8243663,2.22113762,3.7900925,21.79,161.7,102.67791748046875,1000
48.824188,2.22127132,3.7900925,22.14,154.6,104.74969482421875,1000
48.82401509,2.22142872,3.7900925,22.32,151.6,105.92156982421875,1000
48.82384006,2.2215755,3.7900925,22.32,150.1,107.38287353515625,1000
48.82366684,2.22172986,3.7900925,22.12,149.5,109.311767578125,1000
48.82349292,2.22188005,3.7900925,22.13,150.0,110.08270263671875,1000
48.82332633,2.22201644,3.7900925,21.63,152.1,111.6004638671875,1000
48.82315112,2.22214377,3.7900925,21.63,156.4,112.933837890625,1000
48.82297391,2.22222448,3.7900925,20.35,161.4,114.8079833984375,1000
48.82279921,2.22225304,3.7900925,19.22,171.7,116.99481201171875,1000
48.82261545,2.22224302,3.7900925,20.32,180.3,118.48529052734375,1000
48.8224267,2.22218294,3.7900925,21.28,190.7,120.1822509765625,1000
48.82223715,2.22206893,3.7900925,21.82,200.3,121.13873291015625,1000
48.82207235,2.22190607,3.7900925,21.55,210.1,122.722412109375,1000
48.82193283,2.22170938,3.7900925,21.06,220.0,124.2911376953125,1000
48.82180204,2.22149948,3.7900925,20.86,228.3,124.79595947265625,1000
48.82172167,2.22124579,3.7900925,20.71,237.0,126.3118896484375,1000
48.82164066,2.22098154,3.7900925,21.06,241.2,127.16436767578125,1000
48.82156599,2.22072741,3.7900925,20.45,242.9,128.279296875,1000
48.82150965,2.22045237,3.7900925,20.94,246.5,129.79296875,1000
48.82144506,2.22018532,3.7900925,20.71,247.6,131.8380126953125,1000
48.82137752,2.21992452,3.7900925,20.72,247.8,133.930419921875,1000
48.82129996,2.21967086,3.7900925,20.54,243.9,135.16552734375,1000
48.82120985,2.21942455,3.7900925,21.21,240.2,136.33697509765625,1000
48.82110257,2.21918711,3.7900925,21.28,234.4,137.89697265625,1000
48.8209835,2.21895429,3.7900925,22.07,229.7,138.984130859375,1000
48.82084532,2.21873614,3.7900925,21.91,223.2,139.66644287109375,1000
48.82069638,2.21855838,3.7900925,20.41,217.5,141.45263671875,1000
48.82055052,2.21842698,3.7900925,19.56,212.3,142.60784912109375,1000
48.82041273,2.21830395,3.7900925,18.97,208.4,143.14813232421875,1000
48.8202624,2.21819431,3.7900925,18.25,204.9,145.458740234375,1000
48.82010836,2.21809322,3.7900925,18.57,203.0,146.8302001953125,1000
48.81994375,2.21798511,3.7900925,19.68,203.2,147.94873046875,1000
48.81977268,2.21787725,3.7900925,20.6,204.0,149.173583984375,1000
48.81959161,2.21775987,3.7900925,21.93,204.3,149.5538330078125,1000
48.81940569,2.2176448,3.7900925,22.18,203.4,150.2691650390625,1000
48.81920587,2.21751829,3.7900925,23.09,202.1,151.51416015625,1000
48.81901859,2.21740245,3.7900925,22.36,202.3,152.0740966796875,1000
48.81882558,2.21727735,3.7900925,23.17,202.7,153.26129150390625,1000
48.81863446,2.21715642,3.7900925,22.64,204.0,155.02239990234375,1000
48.81845851,2.21704493,3.7900925,21.43,204.1,155.7391357421875,1000
48.81827992,2.21692842,3.9496381,21.46,204.9,155.99072265625,1000
48.81808868,2.21678101,3.7900925,22.83,207.6,157.2274169921875,1000
48.81790746,2.21662627,3.7900925,23.16,209.9,158.5880126953125,1000
48.81772687,2.2164523,3.7900925,23.78,212.1,159.5361328125,1000
48.81754776,2.21627537,3.7900925,23.66,213.6,156.0872802734375,1000
48.81736967,2.2161108,3.7900925,23.38,213.6,159.6163330078125,1000
48.81718282,2.21592295,3.7900925,23.8,213.5,161.38970947265625,1000
48.81700174,2.2157572,3.7900925,23.91,212.1,163.5721435546875,1000
48.81681685,2.21559503,3.7900925,23.96,209.7,165.9964599609375,1000
48.81663055,2.21544208,3.7900925,23.8,207.3,167.431884765625,1000
48.8164314,2.21530893,3.7900925,24.4,203.9,168.8682861328125,1000
48.8162396,2.21518296,3.7900925,24.75,202.2,169.2274169921875,1000
48.81603096,2.21505897,3.7900925,25.24,201.2,170.22027587890625,1000
48.81581879,2.21495996,3.7900925,24.98,198.6,171.5035400390625,1000
48.81560241,2.2148685,3.7900925,24.68,195.9,173.0572509765625,1000
48.81538605,2.21477111,3.7900925,24.64,197.0,173.066650390625,1000
48.81517536,2.21468439,3.7900925,24.44,195.3,174.17010498046875,1000
48.81495487,2.21460126,3.7900925,25.04,194.3,175.8319091796875,1000
48.81473942,2.21452327,3.7900925,24.91,194.3,177.15655517578125,1000
48.81451971,2.21444224,3.7900925,24.8,194.1,178.9105224609375,1000
48.8143052,2.2143648,3.7900925,24.86,193.9,180.89093017578125,1000
48.81408733,2.21428422,3.7900925,24.88,194.3,183.02337646484375,1000
48.8138618,2.21420315,3.7900925,25.27,194.0,184.992431640625,1000
48.81363289,2.21412449,3.7900925,25.93,193.6,186.6962890625,1000
48.81340658,2.21403453,3.8424454,25.98,194.1,187.89373779296875,1000
48.81317704,2.21394238,3.7900925,25.6,196.2,189.95220947265625,1000
48.81295228,2.21384549,3.7900925,25.59,196.6,190.1761474609375,1000
48.81273174,2.21374526,3.7900925,25.45,196.3,190.76312255859375,1000
48.81251114,2.21362258,3.7900925,25.65,200.0,191.40673828125,1000
48.81229399,2.21348936,3.7900925,25.89,201.8,192.12744140625,1000
48.81207919,2.21334947,3.7900925,26.04,204.9,192.3349609375,1000
48.81185954,2.21320291,3.7900925,26.39,204.1,193.0091552734375,1000
48.81164216,2.21305859,3.7900925,26.39,203.6,192.96044921875,1000
48.81141795,2.21291784,3.7900925,26.76,203.0,193.3382568359375,1000
48.81121174,2.21278407,3.7900925,26.05,202.1,194.045654296875,1000
48.81098756,2.2126461,3.7900925,26.28,200.8,194.54833984375,1000
48.81076117,2.21251241,3.7900925,27.15,200.1,194.68670654296875,1000
48.81052134,2.21238123,3.7900925,27.95,198.4,195.6690673828125,1000
48.81027746,2.21226548,3.7900925,28.31,196.6,196.71026611328125,1000
48.81002715,2.21215355,3.7900925,28.96,194.6,197.2371826171875,1000
48.80976944,2.21207417,3.7900925,29.24,192.0,197.88018798828125,1000
48.80951599,2.21199911,3.7900925,28.0,189.1,198.42694091796875,1000
48.80927326,2.21194674,3.7900925,27.19,186.7,198.8248291015625,1000
48.80903873,2.21191614,3.7900925,27.09,184.6,198.87664794921875,1000
48.80879846,2.21189972,3.7900925,26.98,181.6,199.182861328125,1000
48.80855606,2.21190607,3.7900925,27.31,179.3,199.662109375,1000
48.80830418,2.21192205,3.7900925,27.5,177.8,200.6610107421875,1000
48.80805867,2.21195846,3.7900925,27.35,174.8,201.908935546875,1000
48.80781326,2.21200681,3.7900925,27.24,172.3,202.08099365234375,1000
48.80756667,2.21206406,3.7900925,27.2,169.8,202.2615966796875,1000
48.80733105,2.21214242,3.7900925,27.02,167.7,202.8236083984375,1000
48.807096,2.21223391,3.7900925,26.93,165.7,203.506103515625,1000
48.80685856,2.21232282,3.7900925,27.02,164.6,203.6207275390625,1000
48.80662248,2.21243096,3.7900925,27.36,163.1,203.61358642578125,1000
48.80638559,2.21254738,3.7900925,27.59,161.6,203.8594970703125,1000
48.80614509,2.21266878,3.7900925,28.24,160.9,204.4412841796875,1000
48.8059032,2.21279793,3.7900925,29.14,160.6,204.54290771484375,1000
48.80564714,2.21292814,3.7900925,30.81,160.5,205.089111328125,1000
48.80537742,2.21306418,3.7900925,32.05,160.7,205.88922119140625,1000
48.80509968,2.21320642,3.7900925,32.85,161.1,206.427490234375,1000
48.80481969,2.21334113,3.7900925,32.35,161.7,206.33966064453125,1000
48.80454307,2.21348212,3.7900925,32.79,161.4,206.26611328125,1000
48.80426487,2.21362138,3.7900925,32.85,161.8,206.2017822265625,1000
48.80398479,2.21375344,3.7900925,32.45,162.6,207.11883544921875,1000
48.80370527,2.21388597,3.7900925,32.38,163.0,207.42791748046875,1000
48.80342285,2.21402275,3.7900925,32.99,162.3,207.0009765625,1000
48.80314238,2.21416767,3.7900925,32.32,160.9,206.61016845703125,1000
48.80286142,2.21430742,3.7900925,32.76,161.8,206.15472412109375,1000
48.80258034,2.21445225,3.7900925,32.94,161.4,205.3931884765625,1000
48.80229116,2.21458544,3.7900925,33.06,161.2,205.32684326171875,1000
48.8020105,2.21472974,3.7900925,32.97,161.2,205.0047607421875,1000
48.8017301,2.21487737,3.7900925,33.08,160.9,203.9644775390625,1000
48.8014464,2.21502389,3.7900925,33.46,160.9,203.245849609375,1000
48.80116148,2.21516334,3.7900925,33.53,162.1,202.90252685546875,1000
48.80088035,2.21529946,3.7900925,32.69,162.8,202.3148193359375,1000
48.80060239,2.21543398,3.7900925,32.41,163.1,201.6474609375,1000
48.80032976,2.21555882,3.7900925,32.08,163.8,201.42431640625,1000
48.80005083,2.2156761,3.7900925,32.19,164.9,201.620849609375,1000
48.79976454,2.21578888,3.7900925,32.55,165.7,199.91668701171875,1000
48.79948063,2.2159016,3.7900925,32.73,165.8,200.06201171875,1000
48.7991987,2.21600116,3.7900925,31.75,166.5,199.38409423828125,1000
48.79892176,2.21611934,3.7900925,31.82,165.4,198.88427734375,1000
48.79864554,2.21622913,3.7900925,31.63,164.8,199.457763671875,1000
48.79837937,2.21633798,3.7900925,31.24,164.9,200.990966796875,1000
48.79812189,2.21644598,3.7900925,29.14,164.7,201.9129638671875,1000
48.79787161,2.21654847,3.7900925,28.35,164.1,201.07183837890625,1000
48.79762626,2.21665456,3.7900925,28.46,165.2,201.53314208984375,1000
48.79737528,2.21675636,3.7900925,28.96,164.5,201.5484619140625,1000
48.79712273,2.21685982,3.7900925,28.76,164.4,201.84197998046875,1000
48.796879,2.21695967,3.7900925,28.28,164.2,201.77362060546875,1000
48.79664263,2.21706283,3.7900925,26.37,163.7,201.8551025390625,1000
48.7964197,2.21716636,3.7900925,25.41,162.0,201.73443603515625,1000
48.79620747,2.21726996,3.7900925,24.49,162.5,202.87200927734375,1000
48.79599303,2.21737867,3.7900925,25.23,161.8,203.159912109375,1000
48.79577594,2.21749069,3.7900925,25.48,160.9,202.8529052734375,1000
48.79556009,2.21761066,3.7900925,25.94,159.9,202.89306640625,1000
48.79534549,2.2177339,3.7900925,25.1,159.4,203.026123046875,1000
48.79513372,2.2178491,3.7900925,25.1,160.2,202.71917724609375,1000
48.79492121,2.21796489,3.7900925,24.79,159.5,203.30157470703125,1000
48.79470559,2.21807185,3.7900925,25.06,159.0,203.270751953125,1000
48.79449326,2.21818774,3.7900925,25.34,160.5,203.006103515625,1000
48.79428487,2.21830747,3.7900925,24.84,159.0,203.2447509765625,1000
48.79407336,2.21843083,3.7900925,25.43,159.5,203.3270263671875,1000
48.79386331,2.21854515,3.7900925,24.91,160.4,203.22796630859375,1000
48.79365797,2.21865783,3.7900925,23.68,159.9,202.8411865234375,1000
48.79346191,2.21876772,3.7900925,23.07,159.3,203.322509765625,1000
48.79326527,2.21887276,3.7900925,23.4,160.3,202.9356689453125,1000
48.79306625,2.21898425,3.7900925,23.76,159.5,203.0811767578125,1000
48.79285989,2.21909877,3.7900925,24.05,160.5,202.5799560546875,1000
48.79265817,2.21921238,3.7900925,25.13,160.3,201.9049072265625,1000
48.79243739,2.21933163,3.7900925,26.74,160.1,201.8568115234375,1000
48.7922298,2.21945497,3.7900925,24.96,160.1,202.4345703125,1000
48.79202333,2.21956891,3.7900925,24.09,159.5,202.465576171875,1000
48.79181194,2.21968852,3.7900925,25.33,159.5,202.50714111328125,1000
48.79159938,2.21981774,3.7900925,26.62,160.2,202.7691650390625,1000
48.79137682,2.21994405,3.7900925,26.88,159.9,202.74517822265625,1000
48.79115656,2.22008722,3.7900925,27.25,159.2,203.370361328125,1000
48.79093285,2.22021466,3.7900925,26.45,159.7,203.55194091796875,1000
48.79070211,2.2203403,3.7900925,27.55,159.8,203.4072265625,1000
48.79046813,2.22048026,3.7900925,28.77,159.8,203.18963623046875,1000
48.79021486,2.22060916,3.7900925,30.12,161.8,203.46026611328125,1000
48.78995116,2.22074052,3.7900925,31.1,162.1,203.50634765625,1000
48.78968933,2.22087738,3.7900925,31.55,161.2,203.4310302734375,1000
48.78942661,2.22101682,3.7900925,31.02,160.2,203.8160400390625,1000
48.78917689,2.22115789,3.7900925,29.59,159.8,204.4588623046875,1000
48.78893219,2.22128606,3.7900925,28.3,160.6,204.8115234375,1000
48.78868668,2.22140937,3.7900925,28.29,161.4,204.99658203125,1000
48.78845374,2.22151477,3.7900925,26.43,163.5,205.11248779296875,1000
48.78822948,2.22160581,3.7900925,25.04,165.8,205.1007080078125,1000
48.7880293,2.22168822,3.7900925,21.95,165.8,204.315185546875,1000
48.78784558,2.22176082,3.7900925,19.66,165.3,204.5401611328125,1000
48.78768259,2.22182185,3.7900925,17.36,165.7,204.9818115234375,1000
48.7875372,2.22187591,3.7900925,15.6,166.9,205.3262939453125,1000
48.7874107,2.22191813,3.7900925,13.46,168.6,205.9501953125,1000
48.78727834,2.22196766,3.7900925,15.31,167.2,206.14990234375,1000
48.78712417,2.22201955,3.7900925,18.49,165.9,205.8626708984375,1000
48.78695945,2.22209009,3.7900925,20.04,165.0,206.34515380859375,1000
48.78679716,2.22215252,3.7900925,19.0,166.2,206.5357666015625,1000
48.78664116,2.2222193,3.7900925,17.76,165.5,207.2103271484375,1000
48.78649169,2.22227494,3.7900925,16.77,166.9,207.3067626953125,1000
48.78635109,2.22232075,3.7900925,15.34,167.5,207.4735107421875,1000
48.78623502,2.22235652,3.7900925,12.35,169.0,207.89288330078125,1000
48.78610908,2.22239597,3.7900925,13.89,166.7,206.61810302734375,1000
48.78598993,2.22243756,3.7900925,13.43,166.3,206.90771484375,1000
48.78589006,2.22240358,3.7900925,11.64,192.2,207.02630615234375,1000
48.7857763,2.22238964,3.7900925,12.46,191.3,207.51080322265625,1000
48.78565839,2.22234287,3.7900925,13.77,197.6,207.8194580078125,1000
48.78553512,2.22227147,3.7900925,14.65,203.0,208.1851806640625,1000
48.78541281,2.22217738,3.7900925,15.14,205.6,207.97332763671875,1000
48.78529289,2.22208713,3.7900925,14.86,206.1,207.8875732421875,1000
48.78518573,2.22200571,3.7900925,13.73,206.9,207.75054931640625,1000
48.78509281,2.22193813,3.7900925,11.89,204.8,207.2635498046875,1000
48.78501926,2.22188787,3.7900925,9.3,202.1,207.306640625,1000
48.78496034,2.22184912,3.7900925,6.95,199.8,207.40869140625,1000
48.78490268,2.22181461,3.7900925,6.86,198.5,207.22271728515625,1000
48.78483943,2.22178035,3.7900925,7.43,197.1,207.30340576171875,1000
48.78476979,2.22173273,3.7900925,8.56,199.1,207.42041015625,1000
48.78471514,2.22169829,3.7900925,7.41,197.2,208.0670166015625,1000
48.78465195,2.22167104,4.0047994,7.47,197.8,208.3319091796875,1000
48.784619,2.22163779,4.751675,5.97,199.9,207.4478759765625,1000
48.78455836,2.22161031,4.4065886,6.73,198.5,207.10528564453125,1000
48.78448068,2.22158021,4.18169,8.43,197.0,208.19708251953125,1000
48.78441339,2.22152779,4.342225,9.03,200.2,207.87786865234375,1000
48.78435001,2.22147677,3.7978845,9.19,202.4,208.32342529296875,1000
48.78426024,2.22141087,3.7900925,9.78,200.9,208.49481201171875,1000
48.78417716,2.2213441,3.7900925,9.63,201.6,209.12335205078125,1000
48.7840969,2.2212953,3.7900925,9.12,201.4,209.2161865234375,1000
48.78403078,2.22124786,3.7900925,8.74,195.7,209.4508056640625,1000
48.78395869,2.22120242,3.7900925,8.43,201.0,209.995361328125,1000
48.78389366,2.22115568,3.7900925,8.1,208.6,210.23095703125,1000
48.7838328,2.22111152,3.7900925,7.89,200.4,209.81494140625,1000
48.78376916,2.221076,3.7900925,7.23,204.4,210.16058349609375,1000
48.7837192,2.22103449,3.7900925,6.7,210.4,210.0419921875,1000
48.7836797,2.22098768,3.7900925,5.76,226.2,209.82427978515625,1000
48.78365205,2.22092733,3.7900925,5.36,243.0,209.22650146484375,1000
48.78363418,2.22085779,3.7900925,5.27,262.8,210.33221435546875,1000
48.78363074,2.22078033,3.7900925,5.57,272.4,211.11578369140625,1000
48.78364335,2.22067111,3.7900925,7.63,273.2,211.71435546875,1000
48.78365556,2.22056979,3.7900925,6.85,273.8,211.8848876953125,1000
48.78366706,2.22048354,3.7900925,6.12,267.6,211.8428955078125,1000
48.78366609,2.22041065,3.7900925,5.04,255.2,212.53472900390625,1000
48.78365707,2.22035814,3.7900925,4.17,256.4,212.713623046875,1000
48.78365111,2.22031608,3.7900925,2.93,262.4,213.1273193359375,1000
48.78365535,2.22028882,3.7900925,2.16,271.6,213.41455078125,1000
48.78365554,2.22027754,3.7900925,0.94,266.1,213.1973876953125,1000
48.78365883,2.2202774,3.888861,0.0,0.0,213.759033203125,1000
48.7836609,2.22027608,3.8055634,0.0,0.0,214.53656005859375,1000
48.783657,2.22026792,3.7900925,1.2,268.1,213.8934326171875,1000
48.78365322,2.22024266,3.7912414,1.83,264.8,214.56622314453125,1000
48.78365238,2.22020663,3.7900925,2.61,271.2,214.68194580078125,1000
48.78365617,2.22015969,3.7900925,3.38,267.9,214.0364990234375,1000
48.78365934,2.22010032,3.7900925,4.25,269.4,213.7159423828125,1000
48.78366174,2.22003552,3.7900925,4.53,267.9,213.2586669921875,1000
48.78366521,2.21996801,3.7900925,4.61,269.0,213.48785400390625,1000
48.78368384,2.21989016,3.7900925,5.07,275.0,212.470458984375,1000
48.78368429,2.21981064,3.7900925,5.78,274.8,212.8675537109375,1000
48.78369011,2.21972375,3.7900925,6.24,274.2,213.29833984375,1000
48.78369938,2.21963353,3.7900925,6.01,274.6,214.20513916015625,1000
48.78370826,2.21953831,3.7900925,6.48,276.8,214.33612060546875,1000
48.78372032,2.21944483,3.7900925,6.78,271.3,214.70562744140625,1000
48.78372408,2.21935216,3.7900925,6.69,273.3,214.427001953125,1000
48.78372999,2.2192742,3.7900925,5.03,280.6,214.65325927734375,1000
48.78372992,2.21920815,3.7900925,4.92,265.4,215.046630859375,1000
48.78373267,2.21915357,3.7900925,3.7,249.2,215.71099853515625,1000
48.78372064,2.21913327,3.8843944,2.0,220.0,215.22711181640625,1000
48.78368956,2.21911519,4.3851476,2.99,195.3,215.641357421875,1000
48.78362811,2.21911232,4.302252,5.94,189.3,215.87896728515625,1000
48.78356914,2.21909189,4.206042,6.07,184.3,216.02874755859375,1000
48.7834999,2.21908451,4.2309246,7.42,185.2,216.97412109375,1000
48.78342031,2.21907447,4.1584177,8.05,185.2,216.5687255859375,1000
48.78334519,2.21906166,4.0643907,8.41,186.9,216.5303955078125,1000
48.78328101,2.21904462,3.8444467,7.43,188.0,217.22857666015625,1000
48.78321686,2.21903957,3.8235078,7.18,187.9,217.2435302734375,1000
48.78312738,2.21902413,4.0009365,7.86,185.6,216.8380126953125,1000
48.78306181,2.21901687,4.1902695,8.21,186.5,216.82293701171875,1000
48.78298603,2.21901754,4.5041413,8.3,189.7,217.5078125,1000
48.7829043,2.21900143,4.785842,8.24,195.5,217.70025634765625,1000
48.78282498,2.21899304,5.338165,7.96,196.2,216.96270751953125,1000
48.78277271,2.2189872,5.374163,7.08,195.3,217.7093505859375,1000
48.78271726,2.21897483,5.990352,6.68,192.2,218.9793701171875,1000
48.78268272,2.21896087,5.083436,4.57,200.3,217.1741943359375,1000
48.78262254,2.21892574,4.8612666,4.32,206.3,217.68402099609375,1000
48.78260162,2.21890064,4.661909,3.72,236.3,218.12310791015625,1000
48.78257933,2.21887357,4.7952204,2.73,267.5,218.52691650390625,1000
48.78255699,2.21883458,4.944031,2.15,287.0,219.300048828125,1000
48.7825775,2.2187475,4.779531,5.3,288.8,219.6583251953125,1000
48.78259965,2.21865514,4.680486,7.4,288.0,219.04168701171875,1000
48.78263794,2.21850941,4.3023396,8.67,280.6,218.18255615234375,1000
48.78266243,2.21835265,4.0173635,10.33,276.1,218.2734375,1000
48.78267128,2.21818461,3.8405097,11.77,273.4,217.8936767578125,1000
48.78268861,2.21801135,3.7900925,12.56,274.5,216.1934814453125,1000
48.78270099,2.21783492,3.7900925,12.04,275.5,215.6143798828125,1000
48.78272198,2.21767161,3.7900925,11.41,276.4,215.018310546875,1000
48.78273785,2.21751367,3.7900925,11.41,276.8,214.48504638671875,1000
48.78275154,2.21734455,3.7900925,11.45,276.1,214.427734375,1000
48.78276555,2.21717777,3.7900925,11.71,276.1,215.186279296875,1000
48.78277187,2.21700637,3.7900925,12.02,276.9,215.2716064453125,1000
48.78278773,2.2168504,3.7900925,11.52,276.0,215.5184326171875,1000
48.78280284,2.21669668,3.7900925,11.34,277.1,215.22735595703125,1000
48.78281451,2.21654312,3.7900925,11.17,276.9,215.556396484375,1000
48.78282863,2.21638834,3.7900925,11.05,275.8,215.78192138671875,1000
48.78284403,2.21623526,3.7900925,11.23,276.7,215.85113525390625,1000
48.78285694,2.21608338,3.7900925,11.15,276.6,215.19793701171875,1000
48.78287449,2.21594134,3.7900925,10.91,277.2,215.41412353515625,1000
48.78288766,2.21578314,3.7900925,11.38,276.8,214.809326171875,1000
48.78289284,2.21562369,3.7900925,11.57,277.9,214.6826171875,1000
48.78290203,2.21547478,3.7900925,10.95,277.0,214.7725830078125,1000
48.78291181,2.2153356,3.7900925,9.69,275.1,214.706787109375,1000
48.78291668,2.21521383,3.7900925,8.19,271.5,214.92523193359375,1000
48.78292347,2.21510559,3.7900925,7.78,276.5,214.4002685546875,1000
48.78292482,2.21501138,3.7900925,6.99,269.7,214.75067138671875,1000
48.78292037,2.21494725,3.7900925,5.41,251.7,214.6448974609375,1000
48.7829007,2.21489594,3.7900925,4.19,221.6,214.55255126953125,1000
48.78287283,2.21487142,3.7900925,3.86,191.3,214.89678955078125,1000
48.78283702,2.21488212,3.7900925,4.0,174.5,215.244140625,1000
48.78279274,2.21488311,3.7900925,3.67,196.9,214.730712890625,1000
48.78276193,2.21486466,3.7900925,3.79,222.8,215.396728515625,1000
48.78273246,2.21480786,3.7900925,5.16,237.5,215.42108154296875,1000
48.78269481,2.21474508,3.7900925,5.74,231.1,215.055419921875,1000
48.78267009,2.21469545,3.8452823,4.64,235.4,214.85711669921875,1000
48.78264537,2.21465587,3.8178065,3.66,234.7,215.19366455078125,1000
48.78262134,2.21461985,3.9886808,3.22,205.7,215.56103515625,1000
48.7826009,2.21460499,3.9501538,2.7,210.8,216.25262451171875,1000
48.78258039,2.21459748,4.0400023,2.14,177.5,216.8411865234375,1000
48.78255896,2.21460403,3.8787737,2.84,186.6,217.29595947265625,1000
48.78253353,2.21459701,3.7900925,2.83,205.9,217.46826171875,1000
48.78251253,2.21458386,3.7900925,2.22,214.6,217.78955078125,1000
48.78249915,2.21456461,3.7900925,2.19,238.9,217.8427734375,1000
48.78248303,2.21451745,3.7900925,4.4,249.6,218.41705322265625,1000
48.78246368,2.21445486,3.7900925,4.96,249.0,218.46038818359375,1000
48.78244287,2.2143906,3.7900925,4.87,247.0,218.586181640625,1000
48.78242762,2.21434276,3.7900925,3.28,245.0,218.5504150390625,1000
48.78241324,2.21429523,3.7900925,3.57,247.9,218.2064208984375,1000
48.78239615,2.21425569,4.0806227,3.09,229.6,216.77130126953125,1000
48.78237404,2.2142311,3.8539515,2.55,210.7,217.162841796875,1000
48.78236096,2.21420176,3.7900925,2.42,251.0,216.5919189453125,1000
48.78236237,2.21416772,3.7900925,2.53,286.1,216.9007568359375,1000
48.78237385,2.21413501,3.7900925,2.86,316.5,216.3773193359375,1000
48.78238928,2.21411133,3.7900925,2.39,329.3,216.35113525390625,1000
48.78240814,2.21407958,3.7900925,3.85,316.6,216.4715576171875,1000
48.7824264,2.21404101,3.7900925,3.36,307.6,216.29229736328125,1000
48.78244093,2.21399813,3.7900925,3.28,297.9,215.987060546875,1000
48.78244881,2.21396068,3.7900925,2.28,286.4,216.2496337890625,1000
48.78245265,2.21393758,3.8640428,1.93,283.2,216.248291015625,1000
48.78245363,2.21392101,3.7900925,1.08,290.2,216.62841796875,1000
48.78245563,2.21390381,3.7900925,1.5,290.3,215.2850341796875,1000
48.78246399,2.21387507,3.9529033,1.99,281.9,214.7138671875,1000
48.7824656,2.21384734,4.0036273,1.66,259.1,214.98291015625,1000
48.78245168,2.21380489,3.8655171,3.24,228.6,214.654541015625,1000
48.78242996,2.21377138,3.9459713,3.13,203.4,215.0325927734375,1000
48.7824011,2.21375144,4.2955985,2.89,181.8,215.5201416015625,1000
48.78238018,2.2137552,4.21058,2.43,157.2,215.170654296875,1000
48.78235933,2.21378027,4.0583396,3.68,129.3,214.69879150390625,1000
48.78233817,2.21381906,4.1479173,3.88,119.5,214.32061767578125,1000
48.78230454,2.213879,4.059535,6.0,118.0,214.92535400390625,1000
48.78229079,2.21395135,3.8882778,6.25,114.8,214.34130859375,1000
48.78226492,2.21403133,3.817755,6.42,117.6,215.115478515625,1000
48.78223984,2.21410232,3.7900925,5.36,117.0,215.42340087890625,1000
48.78222336,2.21416482,3.7900925,4.67,113.4,215.7279052734375,1000
48.7822099,2.21422701,3.7900925,4.73,109.5,216.03900146484375,1000
48.78220081,2.21427604,3.8329852,3.97,112.3,215.854736328125,1000
48.78219076,2.21432242,3.7900925,3.66,114.5,216.2938232421875,1000
48.78215703,2.21436713,3.8586078,3.51,116.6,214.59661865234375,1000
48.78214694,2.21440592,3.8178592,3.19,110.9,214.795654296875,1000
48.78214054,2.21443383,3.7985387,2.2,108.5,214.7945556640625,1000
48.78214439,2.2144545,3.7900925,1.46,81.9,214.9659423828125,1000
48.78215797,2.21447841,3.7900925,2.16,47.6,216.6158447265625,1000
48.78218283,2.21450161,3.7900925,3.14,25.5,217.0384521484375,1000
48.78220723,2.21451845,3.7900925,2.46,24.7,216.36248779296875,1000
48.78222669,2.21453085,3.7900925,2.07,32.2,215.736572265625,1000
48.78223683,2.214545,3.7900925,1.34,31.9,214.69049072265625,1000
48.78225028,2.21455829,3.7900925,1.94,20.6,213.81378173828125,1000
48.78226914,2.21457486,3.7900925,2.68,23.1,213.5927734375,1000
48.78228643,2.2145864,3.7900925,2.27,17.2,213.34527587890625,1000
48.7823038,2.21459545,3.7900925,2.38,17.1,212.7110595703125,1000
48.78232486,2.21460615,3.7900925,2.67,18.8,212.4632568359375,1000
48.78234119,2.21460923,3.7900925,1.71,14.2,212.58905029296875,1000
48.78235838,2.21461138,3.7900925,2.0,7.2,213.23297119140625,1000
48.78237997,2.21461485,3.7900925,2.42,8.2,215.2060546875,1000
48.78240455,2.21462793,3.7900925,2.91,25.2,215.28173828125,1000
48.78243205,2.21464547,3.7900925,3.18,28.4,215.6539306640625,1000
48.78245454,2.21466106,3.7900925,2.54,29.1,214.9383544921875,1000
48.7824767,2.21467853,3.87356,3.01,29.4,214.224609375,1000
48.78249568,2.2146989,3.9431798,2.14,27.3,213.555419921875,1000
48.78251153,2.21471696,3.9944496,2.0,28.9,213.60833740234375,1000
48.78252416,2.21473202,4.123354,1.61,31.1,213.06396484375,1000
48.78251763,2.21473258,4.198524,0.0,0.0,212.23577880859375,1000
48.78251612,2.21472773,4.330024,0.52,22.2,212.18194580078125,1000
48.78251561,2.21471463,4.297107,0.0,0.0,213.76806640625,1000
48.78251644,2.21470611,4.1338186,0.0,0.0,213.917236328125,1000
48.78251721,2.21470555,3.8775764,0.0,0.0,213.88336181640625,1000
48.78251642,2.21470759,3.8471217,0.0,0.0,213.53094482421875,1000
48.78251494,2.2147179,3.7900925,0.0,0.0,211.956787109375,1000
48.78251425,2.21472421,3.7900925,0.33,33.9,211.47235107421875,1000
48.78251584,2.21473098,3.7900925,0.38,40.4,212.44061279296875,1000
48.78251357,2.21473342,3.7900925,0.28,40.4,212.67657470703125,1000
48.78250978,2.21472895,3.7900925,0.63,268.0,212.81085205078125,1000
48.7825065,2.21472282,3.7900925,0.4,267.8,213.10919189453125,1000
48.78250288,2.2147143,3.7900925,0.0,0.0,213.5006103515625,1000
48.78250239,2.21471076,3.7900925,0.0,0.0,213.183349609375,1000
48.78250081,2.21470724,3.7900925,0.0,0.0,213.576904296875,1000
48.78249864,2.21469969,3.7900925,0.0,0.0,213.47149658203125,1000
48.78249569,2.21469673,3.7900925,0.0,0.0,213.39410400390625,1000
48.78249235,2.21469663,3.7900925,0.0,0.0,213.168212890625,1000
48.78248888,2.21470035,3.7900925,0.0,0.0,212.9654541015625,1000
48.78248775,2.21470658,3.7900925,0.0,0.0,213.271240234375,1000
48.78248608,2.21470843,3.7900925,0.0,0.0,213.74090576171875,1000
48.78248166,2.21471297,3.7900925,0.0,0.0,213.33599853515625,1000
48.78248006,2.21471476,3.7900925,0.0,0.0,213.587646484375,1000
48.78247813,2.21471468,3.7900925,0.0,0.0,213.2388916015625,1000
48.78247808,2.21471371,3.7900925,0.0,0.0,213.22222900390625,1000
48.78248273,2.2147053,3.7900925,0.57,266.7,212.914794921875,1000
48.78249006,2.2146998,3.7900925,0.0,0.0,213.21575927734375,1000
48.78249008,2.21469537,3.7900925,0.0,0.0,212.68212890625,1000
48.78249061,2.21469045,3.7900925,0.0,0.0,212.4864501953125,1000
48.78248911,2.21468252,3.7900925,0.0,0.0,211.22998046875,1000
48.78248936,2.21467723,3.7900925,0.0,0.0,211.5821533203125,1000
48.78248888,2.2146727,3.7900925,0.0,0.0,211.81451416015625,1000
48.78248841,2.21466988,3.7900925,0.0,0.0,212.1468505859375,1000
48.78248798,2.2146707,3.7900925,0.0,0.0,212.24835205078125,1000
48.78248709,2.21467193,3.7900925,0.0,0.0,212.06427001953125,1000
48.7824888,2.21467195,3.7900925,0.0,0.0,212.24395751953125,1000
48.78248926,2.21467291,3.7900925,0.0,0.0,212.3731689453125,1000
48.78248841,2.2146727,3.7900925,0.0,0.0,212.5997314453125,1000
48.78248684,2.21467579,3.7900925,0.0,0.0,212.28900146484375,1000
48.78248653,2.21467618,3.7900925,0.0,0.0,212.37652587890625,1000
48.78248644,2.21467611,3.7900925,0.0,0.0,212.41015625,1000
48.782486,2.21467573,3.7900925,0.0,0.0,212.389404296875,1000
48.78248594,2.21467568,3.7900925,0.0,0.0,212.3990478515625,1000
48.78248596,2.21467549,3.7900925,0.0,0.0,212.4603271484375,1000
48.78248586,2.21467516,3.7900925,0.0,0.0,212.49456787109375,1000
48.78248585,2.21467493,3.7900925,0.0,0.0,212.49114990234375,1000
48.78248585,2.21467484,3.7900925,0.0,0.0,212.48809814453125,1000
48.78248594,2.21467476,3.7900925,0.0,0.0,212.50006103515625,1000
48.78248597,2.21467471,3.7900925,0.0,0.0,212.52130126953125,1000
48.782486,2.21467459,3.7931168,0.0,0.0,212.540771484375,1000
48.782486,2.21467448,3.8105679,0.0,0.0,212.56268310546875,1000
48.78248601,2.2146744,3.8842459,0.0,0.0,212.58758544921875,1000
48.78248603,2.21467431,3.9479969,0.0,0.0,212.6080322265625,1000
48.78248606,2.21467422,3.961021,0.0,0.0,212.6307373046875,1000
48.7824861,2.21467413,3.957635,0.0,0.0,212.64813232421875,1000
48.78248614,2.21467409,3.9336615,0.0,0.0,212.65576171875,1000
48.78248616,2.21467411,3.7900925,0.0,0.0,212.65863037109375,1000
48.78248616,2.21467409,3.7900925,0.0,0.0,212.66290283203125,1000
48.78248619,2.2146741,3.7900925,0.0,0.0,212.66204833984375,1000
48.7824862,2.21467409,3.7900925,0.0,0.0,212.6707763671875,1000
48.78248623,2.21467407,3.7900925,0.0,0.0,212.6715087890625,1000
48.78248627,2.21467405,3.7900925,0.0,0.0,212.67547607421875,1000
48.78248629,2.21467403,3.7900925,0.0,0.0,212.67291259765625,1000
48.78248635,2.21467399,3.7900925,0.0,0.0,212.6744384765625,1000
48.78248639,2.21467395,3.7900925,0.0,0.0,212.6773681640625,1000
48.7824864,2.21467395,3.7900925,0.0,0.0,212.67401123046875,1000
48.78248646,2.21467396,3.7900925,0.0,0.0,212.6717529296875,1000
48.78248648,2.21467395,3.7900925,0.0,0.0,212.6708984375,1000
48.78248651,2.21467391,3.7900925,0.0,0.0,212.6722412109375,1000
48.78248651,2.21467389,3.7900925,0.0,0.0,212.6739501953125,1000
48.78248649,2.21467386,3.7900925,0.0,0.0,212.67938232421875,1000
48.78248651,2.21467383,3.7900925,0.0,0.0,212.6805419921875,1000
48.78248651,2.21467382,3.7900925,0.0,0.0,212.6802978515625,1000
48.78248651,2.21467379,3.7900925,0.0,0.0,212.68157958984375,1000
48.78248651,2.21467377,3.7900925,0.0,0.0,212.6849365234375,1000
48.7824865,2.21467379,3.7900925,0.0,0.0,212.685546875,1000
48.78248648,2.21467379,3.7900925,0.0,0.0,212.6888427734375,1000
48.78248646,2.21467381,3.7900925,0.0,0.0,212.6937255859375,1000
48.78248645,2.21467383,3.7900925,0.0,0.0,212.69512939453125,1000
48.78248648,2.21467387,3.7900925,0.0,0.0,212.696044921875,1000
48.7824865,2.21467391,3.7900925,0.0,0.0,212.6954345703125,1000
48.78248652,2.21467396,3.7900925,0.0,0.0,212.69537353515625,1000
48.78248651,2.21467398,3.7900925,0.0,0.0,212.697265625,1000
48.7824865,2.21467399,3.7900925,0.0,0.0,212.6954345703125,1000
48.78248652,2.214674,3.7900925,0.0,0.0,212.6976318359375,1000
48.78248655,2.21467399,3.7900925,0.0,0.0,212.697265625,1000
48.78248657,2.21467398,3.7900925,0.0,0.0,212.6988525390625,1000
48.78248656,2.21467395,3.7900925,0.0,0.0,212.7025146484375,1000
48.78248657,2.21467394,3.7900925,0.0,0.0,212.70196533203125,1000
48.78248659,2.21467395,3.7900925,0.0,0.0,212.701904296875,1000
48.78248659,2.21467393,3.7900925,0.0,0.0,212.70147705078125,1000
48.78248659,2.21467393,3.7900925,0.0,0.0,212.6990966796875,1000
48.78248659,2.21467395,3.7900925,0.0,0.0,212.6971435546875,1000
48.78248663,2.21467393,3.7900925,0.0,0.0,212.69720458984375,1000
48.78248664,2.21467394,3.7900925,0.0,0.0,212.696044921875,1000
48.78248667,2.21467394,3.7900925,0.0,0.0,212.6976318359375,1000
48.78248667,2.21467393,3.7900925,0.0,0.0,212.69500732421875,1000
48.78248667,2.21467392,3.7900925,0.0,0.0,212.69305419921875,1000
48.78248666,2.21467393,3.7900925,0.0,0.0,212.6939697265625,1000
48.78248667,2.21467391,3.7900925,0.0,0.0,212.69427490234375,1000
48.78248666,2.21467389,3.7900925,0.0,0.0,212.69293212890625,1000
48.78248667,2.21467388,3.7900925,0.0,0.0,212.6939697265625,1000
48.78248665,2.21467387,3.7900925,0.0,0.0,212.6932373046875,1000
48.78248664,2.21467385,3.7900925,0.0,0.0,212.69281005859375,1000
48.78248665,2.21467384,3.7900925,0.0,0.0,212.69281005859375,1000
48.78248666,2.21467383,3.7900925,0.0,0.0,212.69384765625,1000
48.78248666,2.21467381,3.7900925,0.0,0.0,212.69329833984375,1000
48.78248665,2.2146738,3.7900925,0.0,0.0,212.69189453125,1000
48.78248666,2.21467379,3.7900925,0.0,0.0,212.69281005859375,1000
48.78248667,2.21467377,3.7900925,0.0,0.0,212.6932373046875,1000
48.7824867,2.21467376,3.7900925,0.0,0.0,212.69427490234375,1000
48.78248672,2.21467377,3.7900925,0.0,0.0,212.6925048828125,1000
48.78248675,2.21467379,3.7900925,0.0,0.0,212.6920166015625,1000
48.78248677,2.21467383,3.7900925,0.0,0.0,212.69818115234375,1000
48.78248678,2.21467384,3.7900925,0.0,0.0,212.6981201171875,1000
48.7824868,2.21467384,3.7900925,0.0,0.0,212.7015380859375,1000
48.7824868,2.21467383,3.7900925,0.0,0.0,212.7025146484375,1000
48.78248679,2.21467382,3.7900925,0.0,0.0,212.7008056640625,1000
48.7824868,2.2146738,3.7900925,0.0,0.0,212.70263671875,1000
48.78248679,2.21467381,3.7900925,0.0,0.0,212.70166015625,1000
48.78248677,2.21467386,3.7900925,0.0,0.0,212.69781494140625,1000
48.78248675,2.2146739,3.7900925,0.0,0.0,212.69512939453125,1000
48.78248675,2.21467391,3.7900925,0.0,0.0,212.69537353515625,1000
48.78248676,2.21467391,3.7900925,0.0,0.0,212.69586181640625,1000
48.78248678,2.21467394,3.7900925,0.0,0.0,212.6920166015625,1000
48.7824868,2.21467396,3.7900925,0.0,0.0,212.69598388671875,1000
48.78248681,2.21467402,3.7900925,0.0,0.0,212.700439453125,1000
48.7824868,2.21467406,3.7900925,0.0,0.0,212.70556640625,1000
48.7824868,2.21467409,3.7900925,0.0,0.0,212.7061767578125,1000
48.7824868,2.21467413,3.7900925,0.0,0.0,212.7108154296875,1000
48.78248681,2.21467418,3.7900925,0.0,0.0,212.7122802734375,1000
48.78248682,2.2146742,3.7900925,0.0,0.0,212.7137451171875,1000
48.78248685,2.21467421,3.7900925,0.0,0.0,212.719970703125,1000
48.78248686,2.21467423,3.7900925,0.0,0.0,212.72198486328125,1000
48.78248687,2.21467426,3.7900925,0.0,0.0,212.7237548828125,1000
48.78248687,2.21467431,3.7900925,0.0,0.0,212.724853515625,1000
48.78248686,2.21467433,3.7900925,0.0,0.0,212.72357177734375,1000
48.78248686,2.21467435,3.7900925,0.0,0.0,212.723876953125,1000
48.78248686,2.21467433,3.7900925,0.0,0.0,212.72509765625,1000
48.78248686,2.21467433,3.7900925,0.0,0.0,212.72845458984375,1000
48.78248686,2.2146743,3.7900925,0.0,0.0,212.7318115234375,1000
48.78248689,2.21467429,3.7900925,0.0,0.0,212.7301025390625,1000
48.78248691,2.2146743,3.7900925,0.0,0.0,212.73101806640625,1000
48.78248692,2.21467431,3.7900925,0.0,0.0,212.73004150390625,1000
48.78248689,2.21467429,3.7900925,0.0,0.0,212.73846435546875,1000
48.78248688,2.21467429,3.7900925,0.0,0.0,212.73565673828125,1000
48.78248686,2.21467429,3.7900925,0.0,0.0,212.743896484375,1000
48.78248686,2.21467429,3.7900925,0.0,0.0,212.7447509765625,1000
48.78248687,2.21467428,3.7900925,0.0,0.0,212.7442626953125,1000
48.78248687,2.21467429,3.7900925,0.0,0.0,212.7412109375,1000
48.78248688,2.2146743,3.7900925,0.0,0.0,212.7442626953125,1000
48.78248688,2.21467432,3.7900925,0.0,0.0,212.7449951171875,1000
48.78248688,2.21467434,3.7900925,0.0,0.0,212.746337890625,1000
48.78248687,2.21467433,3.7900925,0.0,0.0,212.7437744140625,1000
48.78248688,2.21467431,3.7900925,0.0,0.0,212.74444580078125,1000
48.78248688,2.21467433,3.7900925,0.0,0.0,212.74072265625,1000
48.78248687,2.21467433,3.7900925,0.0,0.0,212.74212646484375,1000
48.78248686,2.21467432,3.7900925,0.0,0.0,212.74755859375,1000
48.78248689,2.2146743,3.7900925,0.0,0.0,212.7496337890625,1000
48.78248687,2.21467431,3.7900925,0.0,0.0,212.74603271484375,1000
48.78248686,2.21467431,3.7900925,0.0,0.0,212.74224853515625,1000
48.78248686,2.21467433,3.7900925,0.0,0.0,212.73968505859375,1000
48.78248686,2.21467435,3.7900925,0.0,0.0,212.739013671875,1000
48.78248686,2.21467437,3.7900925,0.0,0.0,212.7349853515625,1000
48.78248684,2.21467439,3.7900925,0.0,0.0,212.73126220703125,1000
48.78248683,2.21467439,3.7900925,0.0,0.0,212.731689453125,1000
48.78248682,2.21467441,3.7900925,0.0,0.0,212.7288818359375,1000
48.78248683,2.2146744,3.7900925,0.0,0.0,212.730712890625,1000
48.78248683,2.2146744,3.7900925,0.0,0.0,212.7286376953125,1000
48.78248684,2.2146744,3.7900925,0.0,0.0,212.7283935546875,1000
48.78248685,2.2146744,3.7900925,0.0,0.0,212.72772216796875,1000
48.78248686,2.21467439,3.7900925,0.0,0.0,212.7276611328125,1000
48.78248685,2.21467439,3.7900925,0.0,0.0,212.72442626953125,1000
48.78248686,2.21467441,3.7900925,0.0,0.0,212.72314453125,1000
48.78248685,2.21467442,3.7900925,0.0,0.0,212.72137451171875,1000
48.78248683,2.21467445,3.7900925,0.0,0.0,212.717529296875,1000
48.78248683,2.21467446,3.7900925,0.0,0.0,212.71826171875,1000
48.78248684,2.21467447,3.7900925,0.0,0.0,212.7178955078125,1000
48.78248681,2.21467448,3.7900925,0.0,0.0,212.715576171875,1000
48.7824868,2.21467448,3.7900925,0.0,0.0,212.714599609375,1000
48.78248682,2.21467448,3.7900925,0.0,0.0,212.71600341796875,1000
48.78248683,2.21467449,3.7900925,0.0,0.0,212.7139892578125,1000
48.78248686,2.2146745,3.7900925,0.0,0.0,212.71453857421875,1000
48.78248686,2.21467452,3.7900925,0.0,0.0,212.71087646484375,1000
48.78248688,2.21467453,3.7900925,0.0,0.0,212.7119140625,1000
48.78248687,2.21467454,3.7900925,0.0,0.0,212.70989990234375,1000
48.78248686,2.21467454,3.7900925,0.0,0.0,212.708984375,1000
48.78248687,2.21467454,3.7900925,0.0,0.0,212.7078857421875,1000
48.78248687,2.21467456,3.7900925,0.0,0.0,212.70623779296875,1000
48.78248686,2.21467457,3.7900925,0.0,0.0,212.7032470703125,1000
48.78248684,2.21467459,3.7900925,0.0,0.0,212.6995849609375,1000
48.78248684,2.21467461,3.7900925,0.0,0.0,212.696044921875,1000
48.78248683,2.21467462,3.7900925,0.0,0.0,212.69580078125,1000
48.78248681,2.21467461,3.7900925,0.0,0.0,212.69659423828125,1000
48.78248682,2.2146746,3.7900925,0.0,0.0,212.697021484375,1000
48.78248684,2.21467462,3.7900925,0.0,0.0,212.6959228515625,1000
48.78248682,2.2146746,3.7900925,0.0,0.0,212.69891357421875,1000
48.78248682,2.21467461,3.7900925,0.0,0.0,212.69769287109375,1000
48.78248683,2.21467462,3.7900925,0.0,0.0,212.6976318359375,1000
48.78248683,2.21467463,3.7900925,0.0,0.0,212.69903564453125,1000
48.78248684,2.21467465,3.7900925,0.0,0.0,212.6993408203125,1000
48.78248684,2.21467467,3.7900925,0.0,0.0,212.696533203125,1000
48.78248686,2.21467465,3.7900925,0.0,0.0,212.7008056640625,1000
48.78248687,2.21467466,3.7900925,0.0,0.0,212.6998291015625,1000
48.78248687,2.21467465,3.7900925,0.0,0.0,212.7001953125,1000
48.78248687,2.21467465,3.7900925,0.0,0.0,212.69964599609375,1000
48.78248685,2.21467465,3.7900925,0.0,0.0,212.6981201171875,1000
48.78248684,2.21467465,3.7900925,0.0,0.0,212.6954345703125,1000
48.78248679,2.21467468,3.7900925,0.0,0.0,212.693115234375,1000
48.78248677,2.21467472,3.7900925,0.0,0.0,212.69049072265625,1000
48.78248676,2.21467475,3.7900925,0.0,0.0,212.68792724609375,1000
48.78248676,2.21467477,3.7900925,0.0,0.0,212.68658447265625,1000
48.78248675,2.21467479,3.7900925,0.0,0.0,212.68304443359375,1000
48.78248671,2.21467478,3.7900925,0.0,0.0,212.67919921875,1000
48.78248668,2.21467477,3.7900925,0.0,0.0,212.676025390625,1000
48.78248666,2.21467481,3.7900925,0.0,0.0,212.67083740234375,1000
48.78248665,2.21467483,3.7900925,0.0,0.0,212.66943359375,1000
48.78248664,2.21467483,3.7900925,0.0,0.0,212.66717529296875,1000
48.78248663,2.21467483,3.7900925,0.0,0.0,212.6658935546875,1000
48.78248662,2.21467483,3.7900925,0.0,0.0,212.66326904296875,1000
48.78248661,2.21467483,3.7900925,0.0,0.0,212.66119384765625,1000
48.7824866,2.21467485,3.7900925,0.0,0.0,212.665771484375,1000
48.7824866,2.21467485,3.7900925,0.0,0.0,212.66357421875,1000
48.78248659,2.21467488,3.7900925,0.0,0.0,212.66510009765625,1000
48.78248657,2.21467495,3.7900925,0.0,0.0,212.6685791015625,1000
48.78248658,2.21467499,3.7900925,0.0,0.0,212.67266845703125,1000
48.78248659,2.21467504,3.7900925,0.0,0.0,212.674072265625,1000
48.78248661,2.21467508,3.7900925,0.0,0.0,212.678955078125,1000
48.78248661,2.21467513,3.7900925,0.0,0.0,212.681884765625,1000
48.78248662,2.21467514,3.7900925,0.0,0.0,212.682373046875,1000
48.78248663,2.21467516,3.7900925,0.0,0.0,212.6861572265625,1000
48.78248663,2.21467518,3.7900925,0.0,0.0,212.68243408203125,1000
48.78248662,2.21467517,3.7900925,0.0,0.0,212.679443359375,1000
48.78248663,2.21467516,3.7900925,0.0,0.0,212.67919921875,1000
48.78248663,2.21467514,3.7900925,0.0,0.0,212.678955078125,1000
48.78248664,2.21467513,3.7900925,0.0,0.0,212.6790771484375,1000
48.78248664,2.21467514,3.7900925,0.0,0.0,212.675537109375,1000
48.78248664,2.21467514,3.7900925,0.0,0.0,212.672607421875,1000
48.78248665,2.21467515,3.7900925,0.0,0.0,212.6708984375,1000
